School,Director(s),Grade,,Judge 1,Judge 2,Judge 3,SR,Overall,District,Level
Academy at Lincoln Symphonic Band,Jonathan Parnell,I/II,,III,III,III,n/a,Average,Central,MS
A.L. Stanback 7th & 8th Grade Band,J. Michael Capps,II,,I,I,I,I,Superior,Central,MS
Asheboro High School Symphonic Band,Tucker Smith,IV,,I,I,II,I,Superior,Central,HS
Asheboro High School Symphonic Wind Ensemble,Phil Homiller,V,,I,I,I,I,Superior,Central,HS
Brogden Advanced Band,Colin Tapp,II,,II,II,II,I ,Excellent,Central,MS
Brogden Intermediate Band,Colin Tapp,I,,II,II,II,I,Excellent,Central,MS
Carrboro Symphonic Band,Casey Spillman,IV,,II,III,III,I,Excellent,Central,HS
Cedar Ridge Symphonic Band,Kristen Moore,IV,,II,II,II,I,Excellent,Central,HS
Cedar Ridge Wind Ensemble,Kristen Moore,V/VI,,I,II,II,I,Superior,Central,HS
C.E. Jordan Symphonic Band,Cameron Garris,V,,II,II,II,I ,Excellent,Central,HS
Chatham County Middle School Grade 8 Band,Noah Marcus,II,,III,III,III,III,Average,Central,MS
Cornerstone Charter Academy High School Band,Jason Barclift,IV,, II,I,II,I,Superior,Central,HS
Cornerstone Charter Academy Intermediate Band,Jason Barclift,II,,I,I,I,I,Superior,Central,MS
Culbreth 7th Grade Band,Matt Nedimyer,II,,II,II,II,I,Excellent,Central,MS
Culbreth 8th Grade Band,Matt Nedimyer,III,,II,II,II,I,Excellent,Central,MS
Durham School of the Arts High School Wind Ensemble,Ken Davis,V,,I,I,I,I,Superior,Central,HS
Durham School of the Arts Middle School Wind Ensemble,Anthony Amos / Susan Townsend,II,,I,I,I,I ,Superior,Central,MS
Durham School of the Arts Symphonic Band,Anthony Amos / Susan Townsend,III,,I,I,I,I,Superior,Central,HS
East Chapel Hill Symphonic Band,Ryan Ellefsen,V,,I,I,I,I,Superior,Central,HS
Eastern Randolph High Schol Symphonice Band,Emily Scotton,III,,II,II,II,I,Excellent,Central,HS
Falls Lake Firebird Wind Ensemble,Jaron Cox,III,C/O,co,co,co,co,Comments,Central,MS
George Moses Horton Middle School ,Kevin Crumley,II,,II,II,II,I,Excellent,Central,MS
Githens Band,Matthew DiDonna,II,,III,III,III,I,Average,Central,MS
Gravelly 7th & 8th Grade Band,Brad Landess,II,,II,III,III,I,Excellent,Central,MS
Grimsley Concert Band,Zach Baker / Jeremy Ray,III,C/O,co,co,co,co,Comments,Central,HS
Grimsley Wind Ensemble,Jeremy Ray,V,,I,I,I,I,Superior,Central,HS
Guy B. Phillips 8th Grade Concert Band,Ashley Sample,II,,I,I,I,I,Superior,Central,MS
Jordan Matthews High School Concert Band,J.C. Harper,II/III,,II,III,III,I,Excellent,Central,HS
Kernodle Middle School Band,Katie Martin,II,,co,co,co,co,Comments,Central,MS
Kiser 7th & 8th Grade Band,Tammy R. White,II,,I,I,I,I,Superior,Central,MS
Lakewood Montessori Concert Band,Jack Salter,I/II,,IV,IV,IV,n/a,Below Average,Central,MS
Margaret B. Pollard 8th Grade Band,Rebecca Clemens,II/III,,I,I,I,I,Superior,Central,MS
Millbrook Wind Ensemble,Avery Payne,MW,,I,I,I,I,Superior,Central,HS
North Asheboro Middle School Combined Ensemble,Janet Longerbeam,II,,II,II,II,I,Excellent,Central,MS
Northern Guilford High School Concert Band,Kiyoshi Carter,III,,co,co,co,co,Comments,Central,HS
Northern High School Wind Ensemble,Kiyoshi Carter,IV,,I,I,I,I,Superior,Central,HS
Northern Middle School 7th Grade Band,Ben Keither,II,,II,II,II,I ,Excellent,Central,MS
Northwest Guilford High School Concert Band,Brian McMath / Drew Brooks,III,,I,I,I,I,Superior,Central,HS
Northwest Guilford High School Symphonic Band,Brian McMath / Drew Brooks,IV/V,,I,I,I,I,Superior,Central,HS
Northwest Guilford High School Wind Ensemble,Brian McMath / Drew Brooks,VI,,I,I,I,I,Superior,Central,HS
Northwest Guilford Middle School 7th Grade Band,Drew Brooks / Elizabeth Cox,I/II ,,I,I,I,n/a,Superior,Central,MS
Northwest Guilford Middle School 8th Grade Band,Elizabeth Cox / Drew Brooks,II,,I,II,II,I,Superior,Central,MS
Northwood High School Concert Band,Hagan Zoellers ,II/III,,II,II,II,I,Excellent,Central,HS
Oberlin Magnet 7th / 8th Grade Band,Audrey Yosai,II,,II,II,II,I,Excellent,Central,MS
Orange 7th & 8th Grade Band,Tanya Murphy,II,,I,I,I,I,Superior,Central,MS
Orange Symphonic Band,Jacqueline Johnson,III,,II,II,II,I,Excellent,Central,HS
Orange Wind Ensemble,Jacqueline Johnson,V,,I,I,I,I,Superior,Central,HS
Page High School Wind Ensemble,Eddie Deaton,V,,I,I,II,I,Superior,Central,HS
Person Concert Band,Sarah Baker,II/III,C/O,co,co,co,co,Comments,Central,HS
Ragsdale High School Wind Ensemble,Andy Oldham,IV,,I,I,I,I,Superior,Central,HS
Randleman High School Symphonic Band,Kyla Barton,III,,II,II,III,I,Excellent,Central,HS
"Ravenscroft 6th, 7th & 8th Grade Band",Dr. Kelly Nivision / Matthew Parunak,I/II,,II,II,II,n/a,Excellent,Central,MS
Riverside Concert Band,Steven Mann,III,C/O,co,co,co,co,Comments,Central,HS
Riverside Symphonic Band,Steven Mann,IV,,I,I,I,I,Superior,Central,HS
Rockingham County Middle School Jaguar Band,Brian Otter,II,,I,I,I,I,Superior,Central,MS
Seaforth High School Concert Band,Keith A. Gilbert,III,,I,I,I,I,Superior,Central,HS
South Asheboro Middle School 8th Grade Band,Susan Butler,II,,II,II,I,I,Superior,Central,MS
South Granville Concert Band,Bradley Maston,III,,III,III,III,I,Average,Central,HS
Southeast Guilford High School Concert Band,Travis Pike,III,,II,II,II,I,Excellent,Central,HS
Southern Alamance Concert Band,Ashton Albright,III,,I,I,I,I,Superior,Central,HS
Southwest Guilford High School Concert Band,Joseph Cox,III,,II, II,II,I,Excellent,Central,HS
Southwest Guilford High School Wind Ensemble,Joseph Cox,V,,II,III,III,I,Excellent,Central,HS
Southwest Guilford Middle School 8th Grade Band,Stephanie Linville,II,,III,III,II,I,Excellent,Central,MS
Southwestern Randolph High School Cougar Band,Alana Rickert,III,,co,co,co,co,Comments,Central,HS
Southwestern Randolph Middle School Cougar Band,Daniel Cline,II,,III,III,III,II,Average,Central,MS
Trinity Middle School 6th Grade Band,Chris Ferguson,I,,I,I,I,I,Superior,Central,MS
Trinity Middle School 7th and 8th Grade Bands,Chris Ferguson,II/III,,I,I,II,I,Superior,Central,MS
Walter M. Williams Symphonic Band,Rose Diaz,IV,,II,II,II,I,Excellent,Central,HS
Wheatmore High School Concert Band,Chrissy Eberle,IV,,I,II,II,I,Superior,Central,HS
Wheatmore Middle School Wind Ensmble,Josh Morgan,II,,I,I ,II,I,Superior,Central,MS
Alston Ridge Middle School Symphonic Band,Steven Kuni,III,,I,I,II,I,Superior,East Central,MS
Apex Friendship High School Concert Band,Paul Rowe,IV,,I ,II,I,I,Superior,East Central,HS
Apex Friendship High School Wind Ensemble,Paul Rowe,VI,,I,I,I,I,Superior,East Central,HS
Apex High School Concert Band 1,Daniel Jarvis,IV,,II,I,I,I,Superior,East Central,HS
Apex High School Concert Band 2,Daniel Jarvis,V,,I,I,I,I,Superior,East Central,HS
Apex High School Wind Ensemble,Daniel Jarvis,VI,,I,I,I,I,Superior,East Central,HS
Apex Middle School Eighth Grade Advanced Band,Helen A. Bishop,III,,I,I,I,I,Superior,East Central,MS
Broughton High School Wind Ensemble,Margie Harrison,VI,,I,I,I,I,Superior,East Central,HS
Cardinal Gibbons High School Wind Ensemble,Mark Cashin,V,,II,II,II,I,Excellent,East Central,HS
Cary Academy 7th and 8th Grade Band,Les Turner,II,,II,II,II,I,Excellent,East Central,MS
Cary High School Concert Band,Chris Foster,IV,,II,II,II,I,Excellent,East Central,HS
Cary High School Symphony Band,Chris Foster,VI,,III,III,III,I,Average,East Central,HS
Davis Drive Middle School 7th Grade Concert Band,Laura Burrell,II,,I,I,I,I,Superior,East Central,MS
Davis Drive Middle School 8th Grade Concert Band,Laura Burrell,II,,I,I,I,I,Superior,East Central,MS
Durant Road Middle School Advanced Band,Kelly Durham,IV,,co,co,co,co,Comments,East Central,MS
East Cary Magnet Middle School Advanced Band,Carolina De La Rosa Gonzalez,II,,co,co,co,co,Comments,East Central,MS
East Millbrook Magnet Middle School Concert Band,Francesco Erice,I,,II,II,II,n/a,Excellent,East Central,MS
East Wake High School Concert Band,Tenay Harrell,III,,I,I,I,I,Superior,East Central,HS
Enloe High School Symphonic Band,Robert Hunter,IV,,I,I,I,I,Superior,East Central,HS
Enloe High School Wind Ensemble,Robert Hunter,VI/M,,I,I,I,I,Superior,East Central,HS
F. J. Carnage Middle School Concert Band,Matthew Pellas,II,,I,II,II,I,Superior,East Central,MS
F. J. Carnage Middle School Symphonic Band,Matthew Pellas,IV,,I,I,I,I,Superior,East Central,MS
Fuquay Varina High School Symphonic Band,Matt Edwards,III,,II,II,II,I,Excellent,East Central,HS
Fuquay Varina High School Wind Ensemble,Matt Edwards,V,,I,I,I,I,Superior,East Central,HS
Fuquay-Varina Middle School 8th Grade Band,Cole Merricks,II,,II,II,II,I,Excellent,East Central,MS
Garner High School Concert Band,Patrick Shipp,II,,I,I,I,I,Superior,East Central,HS
Garner High School Wind Ensemble,Patrick Shipp,IV,,I,I,I,I,Superior,East Central,HS
Green Hope High School Concert Band,Creighton Flowers,III,,I,I,I,I,Superior,East Central,HS
Green Hope High School Symphonic Band,Creighton Flowers,V,,I,I,I,I,Superior,East Central,HS
Green Hope High School Wind Ensemble,Creighton Flowers,VI,,I,I,I,I,Superior,East Central,HS
Green Level High School Concert Band,Brian Myers,IV,,I,I,I,I,Superior,East Central,HS
Green Level High School Symphonic Band,Brian Myers,V,,I,I,I,I,Superior,East Central,HS
Green Level High School Wind Ensemble,Brian Myers,VI,,I,I,I,I,Superior,East Central,HS
Heritage Middle School 8th Grade Band,Eric Stauffer,III,,II,II,II,I,Excellent,East Central,MS
Holly Grove Middle School Concert Band,Adam Capps,III,,II,I,II,I,Superior,East Central,MS
Holly Springs High School Concert Band,Michael Biasi,IV,,II,II,II,I,Excellent,East Central,HS
Holly Springs High School Wind Ensemble,Michael Biasi,VI,,II,II,II,I,Excellent,East Central,HS
Leesville Road High School Concert Band,Alyssa Colburn / Josh Cvijanovic,V/VI,,II,II,II,I,Excellent,East Central,HS
Leesville Road High School Intermediate Band,Alyssa Colburn / Josh Cvijanovic,III,,I,I,I,I,Superior,East Central,HS
Leesville Road High School Symphonic Band,Alyssa Colburn / Josh Cvijanovic,VI,,I,I,I,I,Superior,East Central,HS
Leesville Road Middle School Concert Band,Cristina Rekeibe,III,,I,I,I,I,Superior,East Central,MS
Ligon Magnet Middle School Symphonic Band,Renee Todd,I/II,,I,I,I,I,Superior,East Central,MS
Ligon Magnet Middle School Wind Ensemble,Renee Todd,IV,,I,I,I,I,Superior,East Central,MS
Middle Creek High School Symphonic Band,Page Newsome,II/III,,II,II,II,II,Excellent,East Central,HS
Middle Creek High School Wind Ensemble,Page Newsome,V/VI,,II,II,II,I,Excellent,East Central,HS
Millbrook High School Symphonic Band,Avery Payne,IV,,I,II,I,I,Superior,East Central,HS
Panther Creek High School Concert Band,Andrew Weiss,III,,I,I,I,I,Superior,East Central,HS
Panther Creek High School Symphonic Band,Andrew Weiss,V,,I,I,I,I,Superior,East Central,HS
Panther Creek High School Wind Ensemble,Andrew Weiss,VI/M,,I,I,I,I,Superior,East Central,HS
Pine Hollow Middle School Eighth Grade Band,Tony Powell,II,,I,I,I,I,Superior,East Central,MS
Ravenscroft Upper School Band,Kelly Nivison / Matthew Parunak,V,,I,I,I,I,Superior,East Central,HS
Rolesville High School Concert Band,Michael Mayer,II,,I,I,I,I,Superior,East Central,HS
Rolesville High School Symphonic Band,Michael Mayer,IV,,II,II,II,I,Excellent,East Central,HS
Rolesville Middle School Concert Bnad,Tim Kohring,II,,II,II,II,I,Excellent,East Central,MS
Salem Middle School Advanced Band,Casey Duryea,III,,II,II,II,I,Excellent,East Central,MS
Sanderson High School Concert Band,Mitchell Townley,IV,,co,co,co,co,Comments,East Central,HS
Sanderson High School Wind Ensemble,Mitchell Townley,V/VI,,I,I,I,I,Superior,East Central,HS
Southeast Raleigh High School Symphonic Band,Eugene Grandy,IV,,II,I,I,I,Superior,East Central,HS
Triange Math and Science Academy Middle School Advanced Band,Greg Carpenter,I/II,,co,co,co,co,Comments,East Central,MS
Triangle Math and Science Wind Ensemble,Greg Carpenter,III/IV,,I ,I,I,I,Superior,East Central,HS
Wake Christian High School Symphonic Wind Ensemble,Todd Medlin,IV,,III,III,III,III,Average,East Central,HS
Wakefield High School Wind Ensemble,Bobby McFarland,V,,I,I,I,I,Superior,East Central,HS
Wake Forest High School Wind Ensemble,Brandon Martel,V,,III,III,III,I,Average,East Central,HS
Wendell Middle School Concert Band,Cat Slade,II,,co,co,co,co,Comments,East Central,MS
West Lake Middle School Concert Band,Guadelupe De La Rosa Gonzalez,II,,co,co,co,co,Comments,East Central,MS
Ashley High School Concert Band,Robert Parker,III,,I,II,I,I,Superior,Eastern,HS
Ashley High School Wind Ensemble,Robert Parker,V,,I,I,I,I,Superior,Eastern,HS
Bear Grass Charter School,Tiffany Hassell-Abel,III/IV,,I,I,I,I,Superior,Eastern,MS
Beaufort Middle School Concert Band ,Noelle Hutcheson,II,,II,II,II,I,Excellent,Eastern,MS
Beddingfield High School,David Allen,III,,II,II,II,I,Excellent,Eastern,HS
Brewster Middle School Concert Band,Beverly Goehring,II,,III,III,III,II,Average,Eastern,MS
Broad Creek Middle Symphonic Band,David B. Edmonds,III,,I,I,I,I,Superior,Eastern,MS
Camden High School Symphonic Winds,Chris Whitehurst,III/IV,,I,I,II,I,Superior,Eastern,HS
Camden Middle School,Rose Lee,II,,I,I,II,I,Superior,Eastern,MS
Cape Hatteras Secondary School High School,Sean McCroskey,III,,II,II,II,I,Excellent,Eastern,HS
Chaloner Middle School,Christian Boletchek,I,,II,I,II,n/a,Excellent,Eastern,MS
Croatan High School Wind Ensemble,Mike Self,VI/MW,,I,I,I,I,Superior,Eastern,HS
Currituck County High School Concert Band,John Weekes,III,,II,II,II,I,Excellent,Eastern,HS
Currituck County High School Wind Ensemble,John Weekes,V,,I,I,II,I,Superior,Eastern,HS
Currituck Middle School,Pat Koppenhaver,II,,II,III,II,I,Excellent,Eastern,MS
D.H. Conley Conert Band,Caleb Espinosa,II/III,,I,I,I,I,Superior,Eastern,HS
D.H. Conley Wind Ensemble,Caleb Espinosa,IV,,II,II,II,I,Excellent,Eastern,HS
Dixon High School Concert Band,Victor Saenz,III,,II,II,II,I,Excellent,Eastern,MS
Dixon High School Wind Ensemble,Victor Saenz,IV/V,,I,I,II,I,Superior,Eastern,HS
Dixon Middle School  7th/8th Grade Band,Karen Matthews,II,,II,II,II,I,Excellent,Eastern,MS
Down East Middle School 7th & 8th Grade Band,Windy Baird,II,,I,II,I,II,Superior,Eastern,MS
East Carteret High School Concert Band,Ashley Wright,IV,,I,II,II,I,Superior,Eastern,HS
East Carteret High School Symphonic Band,Ashley Wright,VI,,I,I,I,I,Superior,Eastern,HS
Emma B. Trask Middle School Symphonic Band,Casey Black,II,,II,II,II,I,Excellent,Eastern,MS
Fike High School,Elizabeth Hawley,IV,,I,I,I,I,Superior,Eastern,HS
Gates County High School,Stephen Stiltner,III,,co,co,co,co,Comments,Eastern,HS
Grifton School,Scott Pagonas,II,,II,II,II,II,Excellent,Eastern,MS
Grover C. Fields  Middle School combined 7th and 8th,Mark Lorek,III,,I,I,I,I,Superior,Eastern,MS
Grover C. Fields Middle School 7th Grade ,Mark Lorek,II,,I,I,I,I,Superior,Eastern,MS
H.J. MacDonald Middle School Concert Band,Amanda Landis Whitford,II,,I,I,I,I,Superior,Eastern,MS
Havelock Middle School Concert Band,Jeb Lamm,II,,III,III,III,I,Average,Eastern,MS
Havelock High School Symphonic Band,Jorge Benitez & Jodi Campbell,IV,,I,I,I,I,Superior,Eastern,HS
Havelock High School Wind Ensemble,Jorge Benitez & Jodi Campbell,VI/MW,,I,I,I,I,Superior,Eastern,HS
Heide Trask High School Symphonic Band,Kayla Marshburn,III,,co,co,co,co,Comments,Eastern,HS
Hunters Creek Middle School Concert Band,Kristina McRaney,II,,I,I,I,I,Superior,Eastern,MS
Jacksonville Commons Middle School 7th and 8th Grade Band ,Maria Flowers,II,,IV,IV,IV,I,Below Average,Eastern,MS
Jacksonville High School Concert Band,Jessica Blanchet,III,,co,co,co,co,Comments,Eastern,HS
Jacksonville High School Wind Ensemble,Jessica Blanchet,IV,,co,co,co,co,Comments,Eastern,HS
James B. Hunt High School,Frank Jones,III/IV,,I,I,I,I,Superior,Eastern,
J.H. Rose Concert Band,Raekwon Dupree,III,,II,II,II,I,Excellent,Eastern,HS
J.H. Rose Wind Ensemble,Matt Howard,V,,II,I,I,I,Superior,Eastern,HS
John A. Holmes High School,Joshua Poyner,III,,I,I,I,I,Superior,Eastern,HS
John T. Hoggard High School Concert Band,Rod Reed,IV,,I,I,I,I,Superior,Eastern,HS
Morehead City Middle School 7th/8th Grade Band,Jason Robison,III/IV,,I,I,I,I,Superior,Eastern,MS
Moyock Middle School Advanced Band,Sarah Levin,II,,II,II,II,I,Excellent,Eastern,MS
Murray Middle School Falcon Band,Jessica Meade,III,,II,II,II,I,Excellent,Eastern,MS
Myrtle Grove Middle School 7th Grade Band,Jacob Stephens,I,,II,II,II,n/a,Excellent,Eastern,MS
New Bern High School Wind Ensemble,Chris Elbing & Colin McKeon,VI,,II,II,II,I,Excellent,Eastern,HS
New Bern High School Symphonic Band,Colin McKeon & Chris Elbing,IV,,II,II,II,I,Excellent,Eastern,HS
New Bridge Middle School 7th Grade Band,Steven Kosch,II,,III,II,II,I,Excellent,Eastern,MS
New Bridge Middle School 8th Grade Band,Steven Kosch,II,,III,III,II,II,Excellent,Eastern,MS
Newport Middle School 7/8 Grade Band,David Stroud,II/III,,I,I,I,I,Superior,Eastern,MS
Noble Middle School Concert Band,Patti Knauf,II,,III,III,III,I,Average,Eastern,MS
Northeastern High School,Monte Griffin,III,,III,III,III,II,Average,Eastern,HS
Northern Nash Wind Ensemble,Kyler Zary,V/VI,,I,II,II,I,Superiod,Eastern,HS
Northside High School Concert Band,Aaron Kingsberry,IV,,I,I,I,II,Superior,Eastern,HS
Pasquotank County High School,Nicholas Stanley,III/IV,,II,I,II,I,Superior,Eastern,HS
Perquimans High School,Evan Copeland,III,,I,II,II,I,Superior,Eastern,HS
Perquimans Middle School,Katie Copeland,II,,II,I,II,I,Superior,Eastern,MS
Red Oak 7th Grade Band,Jimmie Smith,II,,I,I,I,I,Superior,Eastern,MS
Red Oak 8th Grade Band,Jimmie Smith,II,,II,II,I,I,Superior,Eastern,MS
Richlands High School Concert Band,Wes Adams,III,,II,II,II,II,Excellent,Eastern,HS
Riverside High School Symphonic Band,Alisha Cardwell,IV,,I,I,I,I,Superior,Eastern,HS
Riverside Middle School,Kim Fay,I,,co,co,co,n/a,Comments,Eastern,MS
Roanoke Rapids Concert Band,Laura Manning,III,,III,III,III,I,Average,Eastern,HS
Roanoke Rapids Symphonic Band,Laura Manning,V,,II,II,II,I,Excellent,Eastern,HS
Rocky Mount Middle School,Charlene Outland,II,,II,II,II,I,Excellent,Eastern,MS
Southern Nash High School Wind Ensemble,Matthew Ray,IV,,II,I,II,I,Superior,Eastern,HS
Southern Nash Middle School,Lauren Howell,II,,I,I,I,I,Superior,Eastern,MS
South Central High School,Matinzicio Edmondson,III,,II,II,II,I,Excellent,Eastern,HS
Southwest Middle School Band,Caleb Lanning,I,,III,III,III,n/a,Average,Eastern,MS
Southwest High School Stallion Concert Band ,Lance Barton,II/III,,II,II,I,I,Superior,Eastern,HS
Springfield Middle School,Paul Seigler,I,,I,I,I,n/a,Superior,Eastern,MS
Surf City Middle School Band,Trevor Judy,II,,III,III,III,II,Average,Eastern,MS
Swansboro Middle School 8th Grade Band,Zachary Cummings,II,,I,I,I,I,Superior,Eastern,MS
Swansboro High School Symphonic Band ,Kristen Graham ,IV,,I,II,I,I,Superior,Eastern,HS
Swansboro High School Wind Ensemble ,Kristen Graham ,VI,,I,II,II,I,Superior,Eastern,HS
Topsail Middle School Concert Band,Bob Norem,II,,III,III,III,II,Average,Eastern,MS
Topsail High School Symphonic Band,Jake Wentzek,V,,I,I,I,I,Superior,Eastern,HS
Topsail High School Wind Ensemble,Jake Wentzek,III,,II,II,I,I,Superior,Eastern,HS
Trexler Middle School Wind Ensemble,Greg Shreckengost,I,,co,co,co,co,Comments,Eastern,MS
Tucker Creek Middle School Eighth Grade Concert Band,Blair Dyal,III,,II,III,III,I,Excellent,Eastern,MS
Tucker Creek Middle School Seventh Grade Concert Band,Blair Dyal,II,,III,III,III,I,Average,Eastern,MS
West Carteret High School Concert Band,Andrew Wright,IV,,I,I,I,I,Superior,Eastern,HS
West Carteret High School Symphonic Band,Andrew Wright,VI,,I,I,I,I,Superior,Eastern,HS
West Craven High School Concert Band,Cory Lipsky & Aaryn Torrance,III,,II,II,I,I,Superior,Eastern,HS
West Craven Middle School Concert Band,Ashley Etheredge & Aaryn Torrance,II,,I,II,II,II,Excellent,Eastern,MS
White Oak High School Symphonic Band,John Russell & Matthew Langford,III,,II,II,II,I,Excellent,Eastern,HS
White Oak High School Wind Ensemble,John Russell & Matthew Langford,V,,II,II,II,I,Superior,Eastern,HS
William R. Davie STEM Academy Middle School,J.J. Garner,II,,III,III,III,II,Average,Eastern,MS
Alexander Central High School Wind Ensemble,Patrick Watkins / Jennifer Weddington,V/VI,,co,co,co,co,Comments,Northwest ,HS
Ashe County High School Symphonic Band,Joshua Mitchell,III,,I,I,I,I,Superior,Northwest ,HS
Asheville Middle School Band,Ana Bulluck / Tina Robinett,III,,I,I,I,I,Superior,Northwest ,MS
Atkins High School Symphonic Band,Justin Sumners / Greg Murphy,III/IV,,I,I,I,I,Superior,Northwest ,HS
Atkins High School Wind Ensemble,Justin Sumners / Greg Murphy,VI,,I,I,I,I,Superior,Northwest ,HS
Avery High School Wind Ensemble,Jeff Hodges / Cameron Owle,I,,co,co,co,co,Comments,Northwest ,HS
Bandys High School Symphonic Band,Jason Partridge,IV,,I,I,I,I,Superior,Northwest ,HS
Belmont Middle School 7th and 8th Grade Band,Carrie Lineberger,I/II,,I,I,II,n/a,Superior,Northwest ,MS
Brawley Middle School Symphonic Band,Sonja Becknell,II,,I,I,II,I,Superior,Northwest ,MS
Bunker Hill High School Symphonic Band,Myron Massey,III,,I,II,II,I,Superior,Northwest ,HS
Bunker Hill High School Wind Ensemble,Myron Massey,V,,III,III,II,I,Excellent,Northwest ,HS
Central Davidson High School Wind Ensemble,Levi Moffe / Wes Richardson,IV/V,,II,II,II,I,Excellent,Northwest ,HS
Central Davidson Middle School 8th Grade Band,Wesley Richardson,II,,I,I,I,I,Superior,Northwest ,MS
Central Wilkes Middle School 7th and 8th Grade Band,Christian Bruce,II,,co,co,co,co,Comments,Northwest ,MS
Chestnut Grove Middle School 7th and 8th Grade Band,Dylan Jones,I/II,,co,co,co,n/a,Comments,Northwest ,MS
Clemmons Middle School Contest Band,Ron Forsh,I,,I,I,I,n/a,Superior,Northwest ,MS
Davie County High School Concert Band,Matthew Brusseau,III,,II,II,II,I,Excellent,Northwest ,HS
Davie County High School Symphonic Band,Matthew Brusseau,IV,,II,II,II,I,Excellent,Northwest ,HS
Davie County High School Wind Ensemble,Matthew Brusseau,VI/MW,,I,I,I,I,Superior,Northwest ,HS
East Burke High School Wind Ensemble,Emily Golden,V,,I,I,I,I,Superior,Northwest ,HS
East Davidson High School Symphonic Band,David Deese / Christina Carter,IV,,II,II,II,I,Excellent,Northwest ,HS
East Davidson High School Wind Ensemble,David Deese / Christina Carter,VI,,I,I,I,I,Superior,Northwest ,HS
East Forsyth High School Concert band,Alex Askew / Parker Dula,II,,II,III,III,I,Excellent,Northwest ,HS
East Forsyth High School Wind Ensemble,Alex AsKew,IV,,II,II,II,I,Excellent,Northwest ,HS
East Wilkes High School Concert Band,Colin Whiteley,III,,I,I,I,I,Superior,Northwest ,HS
EL Brown Middle School 8th Grade Band,Christina Carter / David Deese,II,,II,II,II,I,Excellent,Northwest ,MS
Foard High School Symphonic Band,Adam Reinhardt,V,,II,II,II,I,Excellent,Northwest ,HS
Freedom High School Justice Concert Band,Jonathan Chesson,III,,II,II,II,I,Excellent,Northwest ,HS
Freedom High School Patriot Winds,Jonathan Chesson,V,,III,III,II,I,Excellent,Northwest ,HS
Freedom High School Symphonic Pride,Jonathan Chesson,III,,II,II,II,I,Excellent,Northwest ,HS
Gamewell Middle School 7th and 8th Grade Band,Steve Robison,I/II,,I,I,I,n/a,Superior,Northwest ,MS
Granite Falls Middle School 7th Grade Band,Patrick Haymore,I,,I,I,I,n/a,Superior,Northwest ,MS
Granite Falls Middle School 8th Grade Band,Patrick Haymore,II,,I,I,I,I,Superior,Northwest ,MS
Hanes Middle School 8th Grade Advanced Band,Mary Kathryn Bowman Choat,III/IV,,I,I,I,I,Superior,Northwest ,MS
Heritage Middle School Concert Band,Aaron Poteat,II,,I,II,II,I,Superior,Northwest ,MS
Hibriten High School Symphonic Band,Hunter Soots,IV,,I,I,I,I,Superior,Northwest ,HS
Hickory High School Wind Ensemble,Andrew Hicks,IV/V,,I,I,I,I,Superior,Northwest ,HS
Hudson Middle School 8th Grade Band,Leah Massey,II,,I,I,II,I,Superior,Northwest ,MS
Jimmy C. Draughn High School Symphonic Band,Avery Gifford,III,,II,II,II,II,Excellent,Northwest ,HS
Jimmy C. Draughn High School Wind Ensemble,Avery Gifford,IV,,II,II,I,I,Superior,Northwest ,HS
Lake Norman High School Symphony Band,Christopher Brown,III/IV,,I,I,I,I,Superior,Northwest ,HS
Lake Norman High School Wind Ensemble,Christopher Brown,VI,,I,I,I,I,Superior,Northwest ,HS
Lakeshore Middle School Band,Kathryn Redling,II,,II,II,II,II,Excellent,Northwest ,MS
Ledford High School Wind Ensemble,Angel Gonzalez,IV,,III,II,II,I,Excellent,Northwest ,HS
Ledford Middle School 7th and 8th Grade Band,Dave Beitzel / Angel Gonzalez,I/II,,co,co,co,n/a,Comments,Northwest ,MS
Liberty Middle School Band,Amy Alexander,II,,I,I,I,I,Superior,Northwest ,MS
Mill Creek Middle School Band,Topher Kane,II,,I,I,I,I,Superior,Northwest ,MS
Mount Airy High School Concert Band,Nick Tirpak,III,,I,I,I,I,Superior,Northwest ,HS
Mount Tabor High School Wind Ensemble,Rebekah Psihountas,IV,,II,I,II,I,Superior,Northwest ,HS
Newton Conover High School Symphonic Band,Andy Escamilla,V,,I,II,II,I,Superior,Northwest ,HS
Newton Conover Middle School Band,Andy Escamilla,II,,II,I,II,I,Superior,Northwest ,MS
North Davidson High School Wind Ensemble,Norian Fordham,IV,,III,III,II,II,Excellent,Northwest ,HS
North Davidson Middle School 8th Grade Band,Paul Jackson / Cathryn Cabanizz,II,,I,I,I,I,Superior,Northwest ,MS
North Davie Middle School 8th Grade Symphonic Band,Sean Nelson,II,,co,co,co,co,Comments,Northwest ,MS
North Forsyth High School Symphonic Band,Christian Orr,II/III,,I,I,I,I,Superior,Northwest ,HS
North Lincoln High School Symphonic Band,Matthew Minick,VI,,I,I,I,I,Superior,Northwest ,HS
Northview Middle School 8th Grade Band,Erika Beal,II,,I,I,I,I,Superior,Northwest ,MS
North Wilkes High School Concert Band,Kira Gileza,II/III,,IV,III,IV,II,Average,Northwest ,HS
North Wilkes Middle School 7th and 8th Grade Band,Kira Gileza,I,,IV,III,IV,n/a,Below Average,Northwest ,MS
Oak Grove High School Concert Band,Mike Howell,III,,I,I,I,I,Superior,Northwest ,HS
Oak Grove High School Wind Ensemble,Mike Howell,VI/MW,,I,I,I,I,Superior,Northwest ,HS
Oak Grove Middle School Advanced Band,Matt Liner,II,,I,I,I,I,Superior,Northwest ,MS
Paisley Magnet School 8th-10th Grade Advanced Band,Noah Brown,II,,III,III,III,II,Average,Northwest ,MS
Robert. L Patton High School Symphonic Band,Chad Higdon,IV,,I,I,I,I,Superior,Northwest ,HS
Robert L. Patton High School Wind Ensemble,Chad Higdon,VI,,I,I,I,I,Superior,Northwest ,HS
Ronald Reagan High School Concert Band,Robert Johnston / Kenneth Tysor,III,,II,I,II,I,Superior,Northwest ,HS
Ronald Reagan High School Symphonic Band,Robert Johnston / Kenneth Tysor,IV,,I,I,I,I,Superior,Northwest ,HS
Ronald Reagan High School Wind Ensemble,Robert Johnston / Kenneth Tysor,VI,,I,I,I,I,Superior,Northwest ,HS
South Caldwell High School Symphonic Band,Jonathan Stafford / Jason Childers,IV,,I,I,I,I,Superior,Northwest ,HS
South Caldwell High School Wind Ensemble,Jason Childers / Jonathan Stafford,V,,I,I,I,I,Superior,Northwest ,HS
South Davie Middle School 8th Grade band,Wesley Allred,II,,II,II,II,I,Excellent,Northwest ,MS
South Iredell High School Wind Ensemble,Steven Sipes,IV,,II,I,II,I,Superior,Northwest ,HS
Southeastern Stokes Middle School 8th Grade Band,Justin Carter,II,,II,II,III,II,Excellent,Northwest ,MS
Statesville High School Concert Band,Emily Gordon,III,,II,III,III,II,Excellent,Northwest ,HS
St.Stephens High School Wind Ensemble,Bruce Boorman,IV,,III,III,III,I,Average,Northwest ,HS
Thomas Jefferson Middle School 8th Grade Band,Adam Joiner / Rebekah Psihountas,III,,II,II,II,I,Excellent,Northwest ,MS
Tyro Middle School 8th Grade Band,Parker Cox / Kendall Bertaux,II,,III,II,III,II,Excellent,Northwest ,MS
Walkertown High School Symphonic Band,Quincy Lundy,IV,,I,I,I,I,Superior,Northwest ,HS
Walkertown 7th - 12th Combined Band,Quincy Lundy,II,,I,I,I,I,Superior,Northwest ,MS
Watauga High School Symphonic Band,Taryn Wooten,III/IV,,I,I,I,I,Superior,Northwest ,HS
West Alexander Middle School 8th Grade Band,Matthew Cochran,II,,co,co,co,co,Comments,Northwest ,MS
West Caldwell High School Concert Band,Jim Shulstad,III,,I,I,I,I,Superior,Northwest ,HS
West Davidson High School Symphonic Band,Kendall Bertaux,III,,II,II,II,I,Excellent,Northwest ,HS
West Forsyth High School Concert Band,Tom Shoemaker,II,,II,II,I,I,Superior,Northwest ,HS
West Forsyth High School Symphonic Band,Tom Shoemaker,III,,III,II,II,I,Excellent,Northwest ,HS
West Forsyth High School Wind Ensemble,Tom Shoemaker,VI,,I,I,I,I,Superior,Northwest ,HS
West Iredell High School Symphonic Band,Chad Evans,III,,II,II,II,I,Excellent,Northwest ,HS
West Stokes High School Band of Excellence,Will Nichols,IV/V,,III,III,III,I,Average,Northwest ,HS
West Wilkes High School Wind Ensemble,Matthew Dauer,III,,I,I,I,I,Superior,Northwest ,HS
"West Wilkes Middle School 6th, 7th, and 8th Grade Band",Matthew Dauer,I/II,,II,II,II,n/a,Excellent,Northwest ,MS
William Ellis Middle School 8th Grade Band,Mandy James,II,,I,II,I,I,Superior,Northwest ,MS
William Lenoir Middle School 7th Grade Band,Terry Reid,II,,I,I,I,I,Superior,Northwest ,MS
William Lenoir Middle School 8th Grade Band,Terry Reid,III,,I,I,I,I,Superior,Northwest ,MS
Woodland Heights Middle School Concert Band,Mike Gomez,I,,II,II,II,n/a,Excellent,Northwest ,MS
Woodland Heights Middle School Symphonic Band,Mike Gomez,II,,I,I,II,I,Superior,Northwest ,MS
Albemarle Road Middle School,Matthew Garris,I,,III,III,III,n/a,Average,South Central,MS
Ardrey Kell High School Wind Ensemble,Chris Tkacik,VI,,I,II,I,I,Superior,South Central,HS
Ashbrook Symphonic Band,Josh Westbrook,IV,,IV,IV,III,II,Average,South Central,HS
Bailey Middle School,Randy Tice,II,,III,III,III,II,Average,South Central,MS
Bessemer City High School Wind Ensemble,Cole Crawford,III/IV,,I,II,II,I,Superior,South Central,HS
Bessemer City Middle School,Timothy Justiss,I,,I,I,I,n/a,Superior,South Central,MS
Burns High School Band,Hoy Colson,IV,,II,III,II,I,Excellent,South Central,HS
Burns Middle School,Shawn Sisler,II,,II,II,I,I,Superior,South Central,MS
Central Cabarrus High School Symphonic Band,Joshua Adams,IV,,I,II,I,I,Superior,South Central,HS
Charles C Erwin Middle School,Sonya Ferguson,I/II,,II,II,I,II,Excellent,South Central,MS
Charlotte Latin Middle School ,Pamela Sweer,I,,II,II,II,n/a,Excellent,South Central,MS
Charlotte Latin Upper School Band,Pamela Sweer,III,,II,II,II,I,Excellent,South Central,HS
Cherryville High School Concert Band,"Mark Ewing, Jr.",III,,III,III,III,I,Average,South Central,HS
Community House Middle School,Kati Shives,I/II,,III,III,III,n/a,Average,South Central,MS
Concord High School Symphonic Band,Ed Harper,III,,II,I,II,I,Superior,South Central,HS
Concord Middle School,Alex Canup,I/II,,II,II,II,n/a,Excellent,South Central,MS
Cox Mill High School Symphonic Band,Adam Singer,III,,I,I,I,I,Superior,South Central,HS
Cox Mill High School Wind Ensemble,Adam Singer,V,,I,I,I,I,Superior,South Central,HS
Cramerton Middle School,Lisa Ratchford,I,,I,II,I,n/a,Superior,South Central,MS
Crestdale Middle School,O'Shae Best,III/IV,,II,II,I,II,Excellent,South Central,MS
Cuthbertson High School Blue Note Winds,Todd Ebert,VI/MW,,I,I,I,I,Superior,South Central,HS
Cuthbertson High School Symphonic Band,Todd Ebert,V/VI,,I,I,I,I,Superior,South Central,HS
Cuthbertson Middle School 7th Grade,Katie Ebert,III,,II,I,I,I,Superior,South Central,MS
Cuthbertson Middle School 8th Grade,Katie Ebert,IV/V,,I,I,I,I,Superior,South Central,MS
David W. Butler High School Symphonic Band,Andrew Francis,II/III,,I,I,I,I,Superior,South Central,HS
David W. Butler High School Wind Ensemble,Andrew Francis,IV/V,,I,I,II,I,Superior,South Central,HS
East Gaston High School Symphonic Band,Brandon Taylor,IV/V,,I,I,I,I,Superior,South Central,HS
East Lincoln High School Wind Ensemble,Dustin Wallace,IV,,II,II,II,I,Excellent,South Central,HS
East Lincoln Middle School,Jennifer Beck,I,,II,II,II,n/a,Excellent,South Central,MS
East Mecklenburg High School Concert Band,Chris Moreau,III,,II,II,II,I,Excellent,South Central,HS
East Mecklenburg High School Symphonic Band,Chris Moreau,IV,,I,I,I,I,Superior,South Central,HS
East Rowan High School Wind Ensemble,Brett Farris,IV,,II,III,III,I,Excellent,South Central,HS
East Union Middle School,Hayden Williams,II,,III,III,III,III,Average,South Central,MS
Forest Hills High School Wind Ensemble,Tracy Humphries,III,,co,co,co,co,Comments,South Central,HS
Forestview High School Concert Winds,Jerry Smalls,III,,III,II,III,I,Excellent,South Central,HS
Forestview High School Symphonic Winds,Jerry Smalls,V,,I,I,II,I,Superior,South Central,HS
Grier Middle School ,Jonathan Kitchens,I,,co,co,co,n/a,Comments,South Central,MS
Harold E. Winkler Middle School,Isaac Brewer,II,,I,I,I,II,Superior,South Central,MS
Harris Road Middle School (6th Grade),Leah Pfeiffer,I,,I,I,I,n/a,Superior,South Central,MS
Harris Road Middle School (7th Grade),Leah Pfeiffer,II,,I,I,I,I,Superior,South Central,MS
Harris Road Middle School (8th Grade),Leah Pfeiffer,III,,I,I,I,II,Superior,South Central,MS
Hickory Ridge High School Concert Band,Chris White / David Rivero,IV,,I,I,I,I,Superior,South Central,HS
Hickory Ridge High School Symphonic Band,David Rivero,IV,,I,I,I,I,Superior,South Central,HS
Hickory Ridge Middle School (7th Grade),Jennifer Merry / Nick Carl,II,,II,I,II,I,Superior,South Central,MS
Hickory Ridge Middle School (8th Grade),Jennifer Merry / Nick Carl,III,,I,I,I,I,Superior,South Central,MS
Hopewell High School Wind Ensemble,Curtis Bell,IV,,III,III,III,I,Average,South Central,HS
Hough High School Wind Ensemble,Quinten Wrenn,IV/V,,II,II,III,I,Excellent,South Central,HS
Jay M. Robinson High School Beginning Band,Drew Carter,II,,I,I,I,I,Superior,South Central,HS
Jay M. Robinson High School Wind Ensemble,Drew Carter,V/VI,,I,I,I,I,Superior,South Central,HS
J.N. Fries Middle School,Kellie Carl,II,,III,III,III,I,Average,South Central,MS
J.T. Williams Montessori School,Michael Sanders,I/II,,III,III,III,n/a,Average,South Central,MS
Julius Chambers High School Wind Ensemble,Joseph Wilson,II,,III,III,III,II,Average,South Central,HS
Kannapolis Middle School,Jessie Peterson,I/II,,co,co,co,n/a,Comments,South Central,MS
Kings Mountain High School Concert Band,Kevin Clary,III/IV,,I,I,I,I,Superior,South Central,HS
Kings Mountain High School Blazer Band,Andy Washburn,VI,,I,I,I,I,Superior,South Central,HS
Kings Mountain Middle School (7th Grade),Kevin Clary,I/II,,II,II,I,n/a,Excellent,South Central,MS
Kings Mountain Middle School (8th Grade),Andrew Washburn,II,,I,I,I,II,Superior,South Central,MS
Lake Norman Charter Middle School,Dylan Scaringelli,I,,II,II,II,n/a,Excellent,South Central,MS
Lake Norman Charter School Wind Ensemble,Kaleb Reavis,IV,,III,III,III,I,Average,South Central,HS
Lincolnton High School Symphonic Band,William Fisher,IV/V,,II,II,II,I,Excellent,South Central,HS
Lincolton Middle School,Joshua Belvin,II,,III,III,II,I,Excellent,South Central,MS
Marvin Ridge High School Concert Band,Keith James,IV/V,,II,II,II,I,Excellent,South Central,HS
Marvin Ridge Middle School (7th Grade),LaToya Johnson,I,,III,III,III,n/a,Average,South Central,MS
Marvin Ridge Middle School (8th Grade),LaToya Johnson,II,,III,III,III,I,Average,South Central,MS
Mint Hill Middle School,David Lail,I/II,,I,I,I,n/a,Superior,South Central,MS
Monroe High School Concert Band,Alan Sturdivant,IV,,III,II,III,I,Excellent,South Central,HS
Mooresville High School Concert Band,Joshua Stevenson,III,,I,I,I,I,Superior,South Central,HS
Mooresville High School Symphonic Band,James Smallwood,IV,,I,I,I,I,Superior,South Central,HS
Mooresville High School Wind Ensemble,Joshua Stevenson,VI,,I,I,I,I,Superior,South Central,HS
Mountain Island Charter Wind Ensemble,Melissa Ray,IV,,II,II,II,I,Excellent,South Central,HS
Mount Pleasant High School Concert Band,Avery Gray,III,,co,co,co,co,Comments,South Central,HS
Mount Pleasant Middle School,Charles Fisher,II,I,I,I,I,I,Superior,South Central,MS
Myers Park High School Symphonic Band,Whit Blount,III,,I,II,I,I,Superior,South Central,HS
Myers Park High School Wind Ensemble,Whit Blount,V,,I,I,I,I,Superior,South Central,HS
North Gaston High School Symphonic Band,Tim Reed,IV,,I,II,II,I,Superior,South Central,HS
Northwest School of the Arts Wind Ensemble,Ashleigh Cook,IV,,II,II,II,I,Excellent,South Central,HS
Parkwood High School Symphonic Band,Jon Sale,IV,,II,III,III,II,Excellent,South Central,HS
Parkwood Middle School,Angela Lachenmayr,II,,II,II,I,I,Superior,South Central,MS
Piedmont Community Charter Middle School,Johnathan Gunter,I/II,,III,II,III,n/a,Average,South Central,MS
Piedmont Community Charter Wind Ensemble,Laradon Pilot,IV,,II,II,II,I,Excellent,South Central,HS
Porter Ridge High School Concert Band,Emmanuel Ross / Patrick Foray,III,,II,II,II,I,Excellent,South Central,HS
Porter Ridge High School Symphonic Band,Emmanuel Ross,IV,,II,II,II,I,Excellent,South Central,HS
Porter Ridge High School Wind Ensemble,Emmanuel Ross,V,,I,I,I,I,Superior,South Central,HS
Porter Ridge Middle School (7th Grade),Patrick Foray,I,,I,I,I,n/a,Superior,South Central,MS
Porter Ridge Middle School (8th Grade),Patrick Foray,II,,I,I,I,I,Superior,South Central,MS
Providence Day Middle School,Michael Hough,III,,II,I,I,II,Superior,South Central,MS
Providence Day Upper School Band,Michael Hough,IV,,II,II,II,I,Excellent,South Central,HS
Providence High School Wind Ensemble,Nicholas Blackwood,V,,I,I,I,I,Superior,South Central,HS
Rea Farms STEAM Academy Middle School,Parker Comella,I/II,,II,II,II,n/a,Excellent,South Central,MS
Roberta Road Middle School,Gregory Dills,II,,I,I,I,I,Superior,South Central,MS
Southeast Middle School (Beginning Band),Nathan Bowman,I,,II,II,II,n/a,Excellent,South Central,MS
Southeast Middle School (8th Grade),Nathan Bowman,I,,III,II,II,n/a,Excellent,South Central,MS
South Mecklenburg High School Concert Band,Crystal Hairston,IV,,III,III,III,I,Average,South Central,HS
South Mecklenburg High School Wind Ensemble,Crystal Hairston,V,,II,II,III,I,Excellent,South Central,HS
South Point High School Symphonic Band,Tim Hamilton,III/IV,,II,II,I,I,Superior,South Central,HS
Southwest Middle School,Eric Myers,II,,I,I,I,I,Superior,South Central,MS
Stuart W. Cramer High School Freshman Band,Kameron Radford,III,,I,I,II,I,Superior,South Central,HS
Stuart W. Cramer High School Wind Ensemble,Kameron Radford,V,,I,I,I,I,Superior,South Central,HS
Sun Valley High School Symphonic Band,Jeff Reynolds,IV/V,,II,III,II,I,Excellent,South Central,HS
Union Academy Middle School,Steve Stevens / Hailey McCollum,II,,I,I,I,I,Superior,South Central,MS
Union Academy Symphonic Band,Steve Stevens / Hailey McCollum,IV,,I,I,I,I,Superior,South Central,HS
Weddington High School Symphonic Band,Mallory Norton,III,,II,II,II,I,Excellent,South Central,HS
Weddington High School Wind Ensemble,Mallory Norton,V/VI,,I,I,I,I,Superior,South Central,HS
West Cabarrus High School Wind Ensemble,Emily McNeil,III/IV,,II,II,II,I,Excellent,South Central,HS
West Rowan High School Wind Ensemble,Katie Howard,III,,II,II,III,I,Excellent,South Central,HS
West Rowan Middle School,Taylor Spakes,I/II,,co,co,co,n/a,Comments,South Central,MS
West Stanley High School Concert Band,Ariel Jones,II/III,,I,I,II,II,Superior,South Central,HS
Cape Fear High School Concert Band,Nathan Hartman,III,,I,II,I,I,Superior,Southeastern,HS
Cape Fear High School Wind Ensemble,Nathan Hartman ,V,,I,I,I,I,Superior,Southeastern,HS
Chinquapin Elementary School Band,Joshua Rodriguez,I,,co,co,co,co,Comments,Southeastern,MS
Clinton High School Band,Geoffrey Tart,IV,,I,I,I,I,Superior,Southeastern,HS
Corinth Holders High School Concert Band,Olivia Spell / Tim Besel,III,,III,III,III,I,Average,Southeastern,HS
Corinth Holders High School Wind Ensemble,Olivia Spell ,VI,,I,I,I,I,Superior,Southeastern,HS
Douglas Byrd High School ,Dominic Hunter,III,,II,III,III,II,Excellent,Southeastern,HS
East Bladen High School Band,Brenda Flowers,II,,I,I,I,I,Superior,Southeastern,HS
East Duplin High School Band,Thomas Seaman,II,,III,III,III,I,Average,Southeastern,HS
East Hoke Middle School Concert Band,Ryan Smith,II,,I,I,I,II,Superior,Southeastern,MS
EE Smith High School Concert Band,Roosevelt Pratt,III/IV,,I,I,I,I,Superior,Southeastern,HS
EE Smith High School Wind Ensemble,Roosevelt Pratt,V/VI,,I,I,I,I,Superior,Southeastern,HS
Gray's Creek High School Band,Thomas Stovall,IV,,II,II,II,II,Excellent,Southeastern,HS
Gray's Creek Middle School Band,Steven Kelly,II,,II,II,II,II,Excellent,Southeastern,MS
Hickory Ridge High School Wind Ensemble,Chris White,VI,,I,I,I,I,Superior,Southeastern,HS
Hobbton High School Band,Albert Dunn,IV,,III,III,III,III,Average,Southeastern,HS
Hoke County High School Wind Ensemble,DeVon Pickett,VI,,I,I,I,I,Superior,Southeastern,HS
Hope Mills Middle School Band,Paul Ingram,I,,III,III,II,n/a,Average,Southeastern,MS
Leland Middle School Band,Jennifer Kirkland,I,,IV,IV,IV,n/a,Below Average,Southeastern,MS
Mac Williams Middle School Concert Band,Felicia MacNaught / Ryan McPhail,I,,I,I,I,n/a,Superior,Southeastern,MS
Mac Williams Middle School Symphonic Band,Felicia MacNaught / Ryan McPhail,II,,I,I,I,I,Superior,Southeastern,MS
Max Abbott Middle School Band,Julie Jordan ,I,,co,co,co,co,Comments,Southeastern,MS
Midway High School Band,Joshua Tew / Jesse Shelton,III,,I,I,I,I,Superior,Southeastern,HS
New Century Middle School Band,Jessica Simmons,II,,III,III,III,I,Average,Southeastern,MS
North Brunswick High School Band,Patrick Barrett,IV,,I,I,I,II,Superior,Southeastern,HS
North Duplin Jr/Sr High School Band,Patrick Tregoning,III,,III,III,III,II,Average,Southeastern,MS
North Moore High School Band,Clay Perry,IV,,I,II,II,I,Superior,Southeastern,HS
Northwood Temple High School Band,John Wright,V/VI,,I,II,II,I,Superior,Southeastern,HS
Northwood Temple Middle School Band,John Wright,II,,II,II,II,II,Excellent,Southeastern,MS
Overhills Middle School Band,Kellie Pedrojew,II,,III,III,III,II,Average,Southeastern,MS
Pinecrest High School Band,Andrew Creech,IV/V,,I,I,I,I,Superior,Southeastern,HS
Pine Forest Middle School Band,Grace Sarris,II,,IV,IV,IV,III,Below Average,Southeastern,MS
Sampson Middle School Band,Vevlyn Lowe,II,,I,I,I,I,Superior,Southeastern,MS
Scotland High School Symphonic Band,Matthew Jorgensen / Gregory Regling,III,,I,I,I,I,Superior,Southeastern,HS
Seventy-First High School Band,Breyon Bratcher,II/III,,II,III,III,II,Excellent,Southeastern,HS
South Brunswick High School Band,Michael Palmer,IV,,I,I,I,I,Superior,Southeastern,HS
South Columbus High School Band,Richard Tyndall,III,,III,II,II,II,Excellent,Southeastern,HS
South Johnston High School Band,Ryan Spell,III,,III,III,III,I,Average,Southeastern,HS
Terry Sanford High School Wind Ensemble,Christopher Langdon,IV,,III,III,III,II,Average,Southeastern,HS
Triton High School Band,Georgia Kate Edgerton,III,,IV,III,III,III,Average,Southeastern,HS
Union Pines High School Concert Band,Rob Hill,III/IV,,I,I,II,I,Superior,Southeastern,HS
Union Pines High School Wind Ensemble,Rob Hill,VI,,I,II,I,I,Superior,Southeastern,HS
West Bladen High School Band ,Christopher Poole,III,,IV,IV,IV,II,Below Average,Southeastern,HS
Western Harnett High School Band,Curtis Collins,IV,,I,I,I,I,Superior,Southeastern,HS
Westover High School Band,Jeremy Ross,III/IV,,II,II,II,I,Excellent,Southeastern,HS
Asheville Christian Academy Concert Band,Alexander Panagiotacos,II,,II,II,II,I,Excellent,Western,MS
Waynesville Middle 7th Grade Concert Band,Samuel Bogan II / Kendra Kirkpatrick,I,,III,III,III,co,Average,Western,MS
West McDowell Middle School Band,John Ballard,I,,II,III,II,n/a,Excellent,Western,MS
Chase Middle School 7th Grade Band,Ryan Kisner / Michael Henderson,I,,III,II,II,n/a,Excellent,Western,MS
Clyde A. Erwin Middle School Band,Christopher La Vignette / Linda Moore,II,,II,II,II,I,Excellent,Western,MS
Chase Middle School 8th Grade Band,Michael Henderson / Ryan Kisner,II,,II,II,II,I,Excellent,Western,MS
T. C. Roberson High School Concert Band,Jenny Lanier,IV,,II,I,I,I,Superior,Western,HS
Asheville Christian Academy Symphonic Band,Alexander Panagiotacos,IV,,II,II,II,I,Excellent,Western,HS
Cane Creek Middle School 8th Grade Symphonic Band,Adam Stewart,III,,II,II,II,I,Excellent,Western,MS
Pisgah High School Symphonic Band,Matt Sanders,IV,,I,I,I,I,Superior,Western,HS
Swain High School Concert Band,Karen Williams Lanning,IV,,I,I,I,I,Superior,Western,HS
Enka High School Symphonic Band,Kevin Young,IV,,II,II,II,I,Excellent,Western,HS
Madison High Symphonic Band,Chris Chandler,IV,,II,I,I,I,Superior,Western,HS
Smoky Mountain High School Concert Band,Alex Larsen,IV,,II,II,I,I,Superior,Western,HS
Brevard High School Wind Symphony,Andrew Jimeson,V,,II,II,II,I,Excellent,Western,HS
T.C. Roberson High School Symphonic Band,Jenny Lanier,VI,,I,I,I,I,Superior,Western,HS
Asheville High School Wind Symphony,Rodney K. Workman,VI,,I,I,I,I,Superior,Western,HS
Charles T. Koontz Intermediate 6th Grade Band,Anna Morris,I,,co,co,co,co,Comments,Western,MS
Enka Middle School 8th Grade Band,Kevin Kimbrough,II,,I,I,I,I,Superior,Western,MS
Waynesville Middle School 8th Grade Symphonic Band,Samuel Bogan II / Kendra Kirkpatrick,II,,II,II,II,I,Excellent,Western,MS
West Henderson HS Concert Band,Allen Klaes,II,,II,I,I,I,Superior,Western,HS
Charles D. Owen High School Select Ensemble,Tyson Hamrick,IV,,II,II,II,I,Excellent,Western,HS
IC Imagine Wind Symphony,Chelsey Montgomery / Jeff Tippins,IV,,co,co,co,co,Comments,Western,HS
Clyde A. Erwin High School Symphonic Band,David Sulzman,IV,,II,II,II,I,Excellent,Western,HS
Swain Middle School 7th and 8th Grade Band,Tim Sale,I,,II,I,I,,Superior,Western,MS
Cane Creek Middle School 7th Grade Concert Band,Adam Stewart,II,,II,II,II,I,Excellent,Western,MS
Polk County Middle School Concert Band,Kimberley Benson,II,,III,III,III,I,Average,Western,MS
Fletcher Academy Academy Band,Carlos Cruz,II,,co,co,co,co,Comments,Western,HS
Chase High School Concert Band,Michael O'Connor,III,,III,III,III,II,Average,Western,HS
Tuscola High School Concert Band,Dillon Ingle / Michael Sanchez,III,,II,II,II,I,Excellent,Western,HS
Rosman Middle & High Schools Symphonic Band,Katerina Canter,III,,III,III,III,II,Average,Western,MS
McDowell High School Symphonic Band,Alyssa Clontz,IV,,III,III,III,II,Average,Western,HS
Tuscola High School Symphonic Band,Dillon Ingle,V,,I,I,I,I,Superior,Western,HS
Enka High School Wind Ensemble,Kevin Young,VI,,II,I,I,I,Superior,Western,HS
A. C. Reynolds High School Symphonic Band,Clif Dodson,VI,,II,II,I,I,Superior,Western,HS
Madison Middle School 7th & 8th Grade Band,Brett Anderson,I,,II,II,II,n/a,Excellent,Western,MS
Asheville Christian Academy Band,Karen Whitley,I,,IV,IV,IV,n/a,Below Average,Western,MS
Joe P. Eblen Intermediate School 6th Grade Beginning Band,Linda Moore,I,,III,III,III,n/a,Average,Western,MS
Cane Creek Middle School 6th Grade Beginning Band,Adam Stewart,I,,II,II,II,n/a,Excellent,Western,MS
Canton Middle School Concert Band,Nicolo Iorio,II,,co,co,co,co,Comments,Western,MS
Montford North Star Academy 8th Grade Band,Kelly Saunders,II,,II,II,II,I,Excellent,Western,MS
Apple Valley Middle School Band,Ryan Summers,II,,II,I,I,I,Superior,Western,MS
East Henderson High School Band,Colton Stewart,IV,,II,II,II,I,Excellent,Western,HS
Asheville High School Symphonic Band,JaQuan O. Wiley,V,,II,I,I,I,Superior,Western,HS
Hendersonville Middle School 8th Grade Band,Daniel Dickens,II,,I,I,I,I,Superior,Western,MS
Enka Middle School 7th Grade Band,Kevin Kimbrough,II,,II,II,II,I,Excellent,Western,MS
North Buncombe Middle School Concert Band,James Bannish,II,,co,co,co,co,Comments,Western,MS
North Henderson HS Concert Band,Steve Sigmon,IV,,II,II,II,I,Excellent,Western,HS
A. C. Reynolds High School Concert Band,Clif Dodson,IV,,II,I,I,I,Superior,Western,HS
North Buncombe High School Concert Band,Nathan Brown,V,,I,I,I,I,Superior,Western,HS
West Henderson High School Wind Ensemble,Allen Klaes,V,,II,II,II,I,Excellent,Western,HS
North Henderson High School Wind Ensemble,Steve Sigmon,VI,,II,II,II,I,Excellent,Western,HS
